<?xml version="1.0" encoding="utf-8" ?>
<dwsync>
<file name="catJavascript.jpg" server="208.91.198.99/httpdocs/LupiPetShop/" local="131509777112860124" remote="131509888200000000" Dst="1" />
<file name="dogHTML.jpg" server="208.91.198.99/httpdocs/LupiPetShop/" local="131509776006897356" remote="131509888200000000" Dst="1" />
<file name="dogCSS.jpg" server="208.91.198.99/httpdocs/LupiPetShop/" local="131509786310042543" remote="131509897800000000" Dst="1" />
<file name="lupiLogo.png" server="208.91.198.99/httpdocs/LupiPetShop/" local="131497479749149248" remote="131508822000000000" Dst="1" />
<file name="backGround.png" server="208.91.198.99/httpdocs/LupiPetShop/" local="131508306745462400" remote="131508822000000000" Dst="1" />
<file name="home.png" server="208.91.198.99/httpdocs/LupiPetShop/" local="131509779624004369" remote="131509888200000000" Dst="1" />
<file name="shoppingCart.png" server="208.91.198.99/httpdocs/LupiPetShop/" local="131500003079739813" remote="131508822000000000" Dst="1" />
<file name="homeOffers.png" server="208.91.198.99/httpdocs/LupiPetShop/" local="131509789606280937" remote="131509897800000000" Dst="1" />
</dwsync>